<keymap version="1" name="Default for XWin copy" parent="Default for XWin">
  <action id="Diff.NextChange" />
  <action id="Diff.PrevChange" />
  <action id="EditorMoveToPageBottom" />
  <action id="EditorMoveToPageTop" />
  <action id="NextTab">
    <keyboard-shortcut first-keystroke="ctrl page_down" />
  </action>
  <action id="PreviousTab">
    <keyboard-shortcut first-keystroke="ctrl page_up" />
  </action>
  <action id="VimBack">
    <keyboard-shortcut first-keystroke="alt left" />
  </action>
  <action id="VimForward">
    <keyboard-shortcut first-keystroke="alt right" />
  </action>
</keymap>