<application>
  <component name="LocalDatabaseDriverManager" version="201">
    <driver id="hive">
      <artifact id="Hive" name="Hive" use="true" version="3.1.2" />
    </driver>
    <driver id="mysql.8">
      <artifact id="MySQL ConnectorJ" name="MySQL ConnectorJ" use="true" version="8.0.21" />
    </driver>
    <driver id="postgresql">
      <artifact id="PostgreSQL" name="PostgreSQL" use="true" version="42.2.22" />
    </driver>
    <driver id="redshift">
      <artifact id="Redshift" name="Redshift" use="true" version="2.1.0.1" />
    </driver>
  </component>
</application>