<application>
  <component name="SshConfigs">
    <configs>
      <sshConfig authType="OPEN_SSH" host="infra001-va2" id="76b310b4-8006-4529-86e5-b1c4e592ac09" port="22" nameFormat="DESCRIPTIVE" username="selcukkarakayali" />
      <sshConfig authType="PASSWORD" host="r001.udsrv.com" id="83f576da-0152-429b-8800-11052ddf6b59" port="22" nameFormat="DESCRIPTIVE" username="selcuk.karakayali" />
      <sshConfig connectionConfig="{&quot;serverAliveInterval&quot;:300}" host="localhost" id="51d51ba7-017f-4608-8e75-d1bbe7c5d7da" keyPath="$USER_HOME$/.ssh/openpgp2ssh.key" port="2022" customName="dev@legacy-dev:sftp" nameFormat="CUSTOM" username="dev">
        <option name="customName" value="dev@legacy-dev:sftp" />
      </sshConfig>
      <sshConfig authType="OPEN_SSH" host="legacy-dev" id="d3372458-2d04-4de8-aa1e-2db8a42d3b85" port="10044" nameFormat="DESCRIPTIVE" username="dev" />
    </configs>
  </component>
</application>