<code_scheme name="Default" version="173">
  <option name="SOFT_MARGINS" value="100" />
  <JetCodeStyleSettings>
    <option name="PACKAGES_TO_USE_STAR_IMPORTS">
      <value>
        <package name="kotlinx.android.synthetic" alias="false" withSubpackages="false" />
        <package name="io.ktor" alias="false" withSubpackages="false" />
      </value>
    </option>
    <option name="PACKAGES_IMPORT_LAYOUT">
      <value>
        <package name="" alias="false" withSubpackages="true" />
        <package name="java" alias="false" withSubpackages="false" />
        <package name="javax" alias="false" withSubpackages="false" />
        <package name="kotlin" alias="false" withSubpackages="false" />
        <package name="" alias="true" withSubpackages="true" />
      </value>
    </option>
    <option name="NAME_COUNT_TO_USE_STAR_IMPORT" value="99" />
    <option name="NAME_COUNT_TO_USE_STAR_IMPORT_FOR_MEMBERS" value="99" />
    <option name="CODE_STYLE_DEFAULTS" value="KOTLIN_OFFICIAL" />
  </JetCodeStyleSettings>
  <ScalaCodeStyleSettings>
    <option name="SCALAFMT_CONFIG_PATH" value="/Users/selcuk.karakayali/workspace/udemy/data-pipelines/sparkapps/CustomerData/.scalafmt.conf" />
    <option name="SCALAFMT_SHOW_INVALID_CODE_WARNINGS" value="false" />
    <option name="SCALAFMT_REFORMAT_ON_FILES_SAVE" value="true" />
    <option name="FORMATTER" value="1" />
    <option name="MULTILINE_STRING_CLOSING_QUOTES_ON_NEW_LINE" value="true" />
  </ScalaCodeStyleSettings>
  <codeStyleSettings language="LESS">
    <indentOptions>
      <option name="INDENT_SIZE" value="4" />
    </indentOptions>
  </codeStyleSettings>
  <codeStyleSettings language="kotlin">
    <option name="CODE_STYLE_DEFAULTS" value="KOTLIN_OFFICIAL" />
  </codeStyleSettings>
</code_scheme>